{"MAE": 0.7415591876077182, "RMSE": 0.9470478267764124, "R2_Score": 0.10388577511298092}